               epoch,      train/box_loss,      train/obj_loss,      train/cls_loss,   metrics/precision,      metrics/recall,     metrics/mAP_0.5,metrics/mAP_0.5:0.95,        val/box_loss,        val/obj_loss,        val/cls_loss,               x/lr0,               x/lr1,               x/lr2
                   0,             0.11016,            0.040437,                   0,            0.043306,            0.051515,            0.013637,           0.0030453,            0.094884,            0.030705,                   0,              0.0739,              0.0029,              0.0029
                   1,            0.084955,            0.042796,                   0,              0.2306,              0.1697,             0.10265,            0.029388,            0.080954,            0.030313,                   0,            0.046842,           0.0058416,           0.0058416
